Nancy Johnson,22.62,53.08,37.8,72.63,71.52
Aaron Rodriguez,56.06,25.67,45.05,37.18,97.47
Michael Choi,27.92,26.93,95.11,69.14,33.78
Tiffany Hopkins,60.36,83.54,65.24,31.22,49.23
Natasha Manning,66.98,36.58,40.24,77.89,98.39
Jorge Cole,38.82,56.96,90.46,68.08,83.56
Christopher Hall,27.64,63.75,67.72,73.35,95.39
Paul Smith,93.77,26.37,59.24,28.49,68.64
Johnny Rios,91.57,29.21,26.75,65.64,33.89
Regina Henry,43.18,81.13,94.02,21.12,23.18
Steven Ross,91.37,78.24,38.33,20.63,98.34
Jodi Hernandez,24.8,76.32,48.5,92.51,28.58
Scott Wood,25.79,27.03,40.7,42.34,55.85
Wyatt Thompson,95.36,98.21,68.92,56.68,29.85
Jason Roberts,24.58,30.26,40.81,71.85,54.64
Jason Baker,22.3,36.56,29.84,39.33,89.6
Timothy Johnson,60.16,77.91,39.2,21.56,63.61
Sarah Ford,69.62,83.36,60.74,51.62,37.76
Joseph Quinn,60.98,52.51,23.23,39.14,24.82
Jacqueline Huff,27.13,78.04,32.93,34.02,22.48
Kelsey Garcia,22.21,68.22,94.89,62.49,22.45
Victor Garrett,79.49,31.57,42.4,56.13,99.66
Anthony Thomas,78.37,73.64,75.34,71.67,32.41
Frederick Underwood,24.68,23.47,41.83,24.31,30.94
Patricia Sloan,39.26,20.57,55.07,38.37,38.44
Thomas Jones,72.04,20.74,31.35,73.03,93.22
Kelly Salas,24.33,26.29,76.88,73.09,37.94
Frank Lowery,61.7,62.04,85.12,52.09,59.35
Sheila Rodriguez,89.85,29.37,53.16,33.55,38.72
Justin Davis,50.96,98.81,61.51,32.91,31.96
Gabriel Savage,68.09,35.46,83.84,25.81,36.19
Cathy Roberts,46.63,32.89,39.34,22.68,43.36
Joseph Collins,38.55,39.3,80.09,31.52,61.73
Elizabeth Cruz,30.75,78.77,87.23,34.01,92.57
David Martinez,98.62,30.43,95.91,82.75,22.8
Tracy Lopez,33.55,33.48,74.63,80.03,31.64
Lisa Hardy,29.05,62.37,88.33,75.83,55.67
Amanda Salazar,47.25,25.74,79.21,20.34,24.71
Christopher Patel,32.71,26.85,33.25,40.27,88.82
Aaron Harvey,27.62,42.97,44.39,40.35,84.56
Gary Robinson,74.9,31.5,81.59,30.59,25.38
Morgan Young MD,81.97,62.22,55.22,83.91,23.5
Michael Hall,42.11,59.92,45.9,29.24,91.76
Adam Burnett,73.9,23.84,75.15,23.6,31.0
Lisa Thompson,27.53,53.31,83.32,40.9,72.84
Sara Parker,27.95,50.04,62.7,70.71,29.88
Benjamin Rogers,52.44,39.12,65.87,35.83,73.14
Michael Baker,70.74,21.95,32.91,25.68,71.17
Sheri Tucker,39.3,56.07,86.22,79.97,62.3
Ms. Andrea Hunt DVM,28.74,24.81,37.35,93.87,43.67
Joshua Mcdowell,35.91,37.14,25.11,31.86,31.79
Michael Rangel,85.99,29.67,30.53,77.42,76.36
Katrina Jefferson,37.78,86.61,82.3,49.89,53.14
Deborah Washington,34.7,22.51,27.41,29.55,69.14
Cindy Kelley,88.05,34.33,24.7,37.33,83.34
Richard Jenkins,37.54,30.62,49.15,21.73,30.96
Lisa Burnett,24.72,20.99,36.18,24.16,30.26
Andrew Shields,35.58,37.31,66.63,32.86,29.91
Heidi Ruiz,93.07,57.5,39.41,97.12,20.09
Alan Yoder,64.14,89.56,34.55,99.34,26.59
Kurt Ward,31.98,76.99,38.32,36.25,84.0
Taylor Watkins,22.67,22.19,44.08,39.0,54.68
Whitney Gould DDS,96.59,93.05,92.82,98.82,65.39
Steven Carter,32.26,78.18,28.63,93.51,40.79
Evan Hudson,61.31,83.78,75.82,86.31,32.8
Christine Davis,39.99,51.57,96.21,96.68,54.19
Robert Liu,20.62,40.99,39.79,81.77,25.54
Alexis Smith,34.02,57.67,83.18,25.89,86.48
Andrew Hernandez,51.94,27.3,71.93,57.6,43.11
Samuel Jordan,23.05,53.88,79.62,62.14,92.21
Amber Marshall,88.38,37.19,40.25,53.79,28.9
Jacob Ellis,39.65,20.41,30.43,73.42,76.76
Dawn Bell,36.11,20.85,36.86,30.03,96.31
April Carpenter,79.41,82.73,23.6,53.26,20.23
Cynthia Brown,68.65,61.43,82.29,21.25,21.21
Katherine Young,65.64,67.56,95.95,35.94,78.03
Ronald Palmer,93.88,33.72,37.82,29.65,35.57
Miranda Smith,82.82,42.37,48.04,52.87,83.09
Mercedes Moore,61.26,44.12,27.0,31.99,47.02
Luke Miranda,60.9,69.49,22.52,23.68,26.92
Alexis Hunt,70.37,65.97,23.75,44.43,80.99
Alan Gutierrez,69.52,53.2,22.22,85.02,25.2
Charles Silva,36.54,91.6,76.69,90.02,85.63
Gina Harris,88.75,40.13,48.23,50.79,25.76
Paul Nichols,79.98,28.1,82.11,39.16,54.67
Tina Caldwell,85.19,33.08,99.61,59.9,75.16
Jonathan Davidson,94.06,25.28,25.18,51.94,32.48
Natasha Vincent,20.58,77.0,26.98,33.18,42.14
Douglas Griffin,33.02,93.09,45.93,40.58,74.59
Daniel Fisher,56.25,39.32,24.17,36.63,82.73
Dr. Thomas Aguirre MD,30.31,37.94,95.09,68.26,37.22
Tonya Thomas,25.61,42.03,25.41,24.26,96.79
Dale Brown,68.61,85.22,57.28,46.41,89.51
Rebecca Wilcox,58.64,56.72,38.95,64.0,22.78
Morgan Baker,34.65,77.01,37.05,90.22,82.01
Michele Sanchez,38.05,33.29,44.22,67.85,96.23
Yvonne Hurley,29.94,96.29,24.04,49.23,49.89
Logan Mullins,22.07,38.84,92.7,80.8,86.98
Whitney Brown,24.93,82.02,48.94,84.45,31.42
Robin Hughes,81.18,32.9,75.16,71.22,86.66
George Bell,60.64,80.17,41.67,24.65,63.05
Courtney Burton,54.22,93.83,21.84,91.02,55.72
Angela Smith,72.67,28.05,93.4,54.56,84.71
Larry Robinson,36.76,94.73,85.13,33.22,25.28
Wendy Mccoy,99.61,76.57,62.3,40.29,65.86
Janice Young DDS,28.57,84.6,25.47,43.95,45.32
Steven Wilson,23.1,20.82,92.77,80.46,56.13
Chelsea Wagner,35.7,24.25,30.96,57.52,86.17
Adam Mcpherson,39.8,97.21,78.33,33.6,83.22
Christine Lewis,21.17,46.45,41.37,23.86,58.08
Shannon Rhodes,54.25,55.06,57.81,20.36,49.78
David Sawyer,38.55,63.64,52.78,23.44,33.37
Heidi Cooley,28.47,61.69,21.44,81.11,26.57
Adam Pearson,42.95,25.1,23.73,91.11,64.73
Brittany Wright,33.87,88.16,86.87,92.85,42.02
Joshua Carroll,31.89,70.46,23.91,92.93,47.68
Ian Schwartz,34.28,25.19,52.61,45.47,76.77
Joshua Smith,92.54,47.06,24.81,87.47,28.21
Dana Ward,80.94,95.29,28.84,97.23,37.97
Kelly Herrera,54.62,20.45,33.08,40.46,49.27
Lisa Ballard,88.67,90.77,93.9,20.67,48.42
Glenn Hamilton,37.05,38.07,85.07,95.36,53.96
Angela Pearson,28.38,98.77,84.09,34.78,83.69
Kenneth Hill,21.22,29.9,29.09,28.52,98.35
Terry Mckee,28.28,29.22,62.63,66.19,65.37
Shannon Chaney,50.37,96.87,28.19,98.26,44.21
George Thomas,28.0,87.74,90.71,85.78,36.85
Justin Mitchell,29.33,95.2,31.29,29.15,29.38
Hannah Garza,91.31,66.99,85.2,26.24,30.16
Melissa Lopez,49.73,49.83,90.45,38.18,56.21
Patricia Tyler,32.92,98.8,56.23,21.04,93.98
Kevin Guerrero,66.17,31.34,27.56,85.15,25.17
Mrs. Becky Hunt,70.01,45.38,34.3,36.04,68.84
Anthony Hayden,88.33,63.75,44.19,55.0,53.88
Julie Ross,79.07,30.55,39.46,93.83,50.84
Julie Marshall,21.38,96.07,29.77,33.35,21.39
Corey Vaughn,70.89,30.56,75.43,20.95,85.4
Matthew Rose,32.69,61.69,54.12,27.3,71.04
Rhonda Cain,37.17,63.19,88.02,51.73,21.92
Nicholas Malone,31.03,38.67,92.37,49.95,39.47
William Henry,70.0,30.33,84.31,83.32,28.91
Marcus Ochoa,38.51,88.01,84.89,42.45,38.56
Trevor Knight,84.08,34.77,85.72,82.36,62.84
Courtney Osborne,38.44,22.55,25.69,32.64,86.73
Tina Guzman,20.33,81.59,93.26,78.12,32.31
James James,91.15,29.35,87.56,21.24,55.49
Kenneth Turner,73.13,32.86,83.71,92.01,28.03
Heather Petersen,34.59,24.28,79.17,81.59,21.54
Richard Harris,34.61,25.94,68.34,34.79,23.62
Amanda Case,42.72,23.55,69.14,52.33,93.29
Jodi Brown,59.95,47.61,45.8,57.7,29.55
Todd Pittman,92.32,85.32,55.15,75.79,58.02
Paul Sullivan,29.78,25.97,39.33,92.95,25.33
Tiffany Sparks,95.49,66.17,88.38,84.96,37.11
Holly Mitchell,49.66,33.59,61.46,36.18,44.02
Christopher Fuller,24.14,28.51,90.44,55.03,67.31
Craig Rosario,75.38,51.0,20.58,78.06,93.11
Denise Vasquez,99.08,27.74,62.82,80.47,29.72
Jonathan Grant,81.11,95.81,72.72,85.26,84.4
Thomas Mercer,35.98,44.32,60.14,38.23,75.68
Deborah Sanchez,33.13,99.06,31.94,81.42,50.8
Rodney Hart,37.89,83.74,38.68,47.17,92.3
Antonio Beard,94.59,58.54,47.53,69.88,64.84
Tyler Reynolds,37.5,28.01,45.41,78.5,37.27
Daniel Jones,50.46,21.52,70.57,74.34,20.08
Heather Boyd,62.47,38.72,87.33,44.94,59.26
Sarah Santiago,25.31,79.34,63.29,21.23,96.8
Zachary Castillo,27.6,65.83,90.66,87.59,76.53
Kevin Smith,35.88,30.25,21.09,43.62,53.21
Ashley Alexander,59.77,29.14,66.6,44.09,27.9
Daniel Martinez,22.17,41.64,36.2,77.88,26.08
Robert Knox,97.65,33.11,25.02,29.7,29.77
Kara Rios,91.1,97.14,77.42,63.57,55.38
Nancy Mathews,94.98,31.93,38.59,73.82,81.44
Sheila Fisher,25.9,23.89,54.43,48.84,77.38
Marissa Morrison,36.16,23.41,60.5,91.32,68.97
Jeffrey Crawford,58.15,78.98,30.04,55.6,63.07
Kristina Hall,56.8,67.37,91.08,70.13,34.14
Janet Martin,87.57,87.54,86.15,86.13,32.06
Lori Bond,27.53,27.33,28.92,95.27,93.26
Diane Lee,23.7,94.77,51.16,33.79,37.64
Gregory Hughes,73.91,78.44,26.72,97.43,36.38
Hannah Wagner,96.42,72.49,78.26,73.68,39.64
Brandon Lewis,69.22,24.71,25.58,46.14,25.5
Michael Parsons,28.67,20.49,82.88,25.23,38.46
Bruce Mitchell,96.69,77.67,47.91,76.88,33.36
Edward Anderson,48.79,27.01,20.78,41.72,74.58
Christy Weber,72.88,27.85,40.7,55.26,67.64
James Friedman,77.97,72.25,68.08,63.98,59.47
Jesse Benson,59.48,82.21,22.54,77.4,29.79
Sandra Campbell,30.87,25.51,64.66,95.29,28.48
Dylan Stone,38.41,80.38,28.89,61.66,60.24
Holly Harvey,34.36,24.48,63.94,76.83,90.93
Cindy Harris,55.74,56.3,49.33,34.3,27.99
Troy Crane,33.62,98.78,32.38,32.76,68.94
Sydney Archer,35.58,78.85,64.23,97.41,31.52
Steven Johnson,98.19,59.53,95.12,65.16,20.66
Stephanie Hood,47.64,29.86,75.62,29.77,44.37
Mary Brown,25.69,82.45,46.09,30.14,69.4
Wendy Dudley PhD,81.09,23.19,28.36,51.47,45.55
Scott Lynn,26.53,69.71,29.29,51.7,30.38
Diamond Wright,27.38,37.91,23.83,28.74,27.26
Jason Mccoy DVM,33.69,35.73,96.32,29.1,68.55
Stephanie Hudson,58.83,32.55,83.11,71.45,45.87
David Petty,33.01,41.59,52.53,93.8,27.3
Cassandra Nguyen,61.7,83.21,69.18,20.24,88.63
Kimberly Jones,75.21,58.71,99.1,76.63,23.98
Katherine Estrada,52.86,36.74,35.58,23.07,89.96
Diana Knight,48.16,25.48,62.1,30.55,22.19
Brian Shaffer,28.3,41.69,94.45,33.68,23.6
Zachary Garcia,27.39,65.06,78.78,74.16,76.59
Bryan Hill,38.96,96.08,85.04,48.89,55.85
Emily Ortiz,26.67,29.18,43.95,90.06,63.06
Scott Ryan,82.09,78.78,20.25,24.26,40.05
Kathleen Hurst,36.2,48.59,57.99,93.77,66.12
Haley Larsen,22.63,20.82,26.35,84.6,38.54
Robert Orr,27.41,38.49,23.94,31.72,31.54
Brian Crane,24.23,92.1,28.14,25.38,55.92
Lisa Rivas,45.6,70.38,22.61,26.31,42.28
Holly Williams,31.79,84.25,56.13,48.14,67.31
Christopher Chandler,37.53,97.79,26.59,57.76,31.56
Erica Flynn,96.64,51.3,60.83,77.87,29.33
David Tanner,23.49,21.74,49.7,98.04,35.57
William Fletcher,82.9,32.35,85.1,45.21,42.66
Rhonda Armstrong,51.32,27.47,42.65,31.12,43.08
Ronald Waters,74.47,98.18,92.29,37.31,59.52
Kimberly Rivera MD,58.84,36.41,70.48,97.44,31.68
Russell Gonzalez,42.47,28.92,35.37,20.76,31.64
Larry Lindsey,34.15,23.0,29.54,38.23,40.08
Garrett Murphy,72.18,44.65,67.18,77.63,36.38
Paul Taylor,58.13,60.51,23.3,22.44,82.18
George Kane,47.87,95.29,57.9,77.47,26.78
Monica Lucero,22.38,64.14,63.4,70.39,84.02
Samuel Bell,21.55,21.45,27.77,87.0,39.17
Jordan Foster,87.89,26.01,97.37,73.94,53.04
Victor Castillo,25.64,95.15,97.82,21.75,39.87
Lisa Jackson,21.94,33.88,94.66,57.32,90.45
Jason Thompson,87.06,55.21,29.12,89.54,25.28
Michelle Bullock,20.81,68.5,61.83,52.42,45.47
Brett Garner,21.98,36.63,20.63,69.99,68.97
Mark Payne,71.58,31.61,42.06,33.73,70.52
Jennifer Thornton,30.82,29.01,37.73,76.04,76.1
Cynthia Rogers,31.92,99.01,65.55,36.55,88.25
Leah Ortega,29.46,34.85,29.18,58.44,49.55
Kari Richards,60.26,73.01,31.94,80.5,66.86
Patrick Atkinson,98.79,66.74,82.02,85.74,32.51
Matthew Hoffman,55.54,28.23,96.46,65.8,54.62
Amanda Price,38.83,90.21,70.52,62.93,25.82
Wendy Robertson,88.28,22.88,49.89,86.32,61.95
Katherine Dixon,93.93,24.86,85.74,85.94,38.89
Michael Trujillo,42.61,57.24,57.9,58.65,29.41
Emily Hayes MD,50.94,37.24,78.92,24.39,34.26
Amy Mann,65.19,95.1,79.82,79.45,38.43
William Mathis,63.48,47.36,46.43,53.51,90.42
Shannon Spence,35.38,65.81,88.2,48.45,99.03
Mallory Davis,72.83,57.9,71.79,53.66,21.18
Christopher Diaz,22.58,47.59,77.55,41.68,84.52
Scott Reynolds,28.91,89.55,49.13,21.71,65.61
Jessica Cook,64.7,24.4,78.46,32.06,28.09
Kristen Smith,82.48,22.68,36.83,85.29,38.79
Joshua Juarez,68.75,85.81,93.46,94.82,46.94
Alicia Bryant,77.64,40.4,39.76,33.66,98.45
Erin Johnson,96.81,29.29,64.32,65.98,47.44
William Price,79.59,31.0,29.75,36.75,82.06
Angela Richardson,39.38,32.93,49.22,66.71,92.95
Jennifer Yu,20.91,49.68,48.86,32.02,36.59
Susan Allen,82.46,35.6,73.7,22.14,39.08
Erika Wilkinson,46.72,75.99,34.05,88.35,68.2
Kristy Davidson,42.43,60.19,51.5,26.24,57.38
Kristen Marsh,31.66,99.11,35.38,26.87,67.27
Maurice Ramos,76.54,65.47,63.37,33.66,20.49
Justin Lopez,28.42,24.89,86.73,86.03,22.55
Patrick Moran,26.76,36.07,96.62,37.51,59.37
Joann Elliott,99.51,48.73,96.03,68.97,52.81
Lauren Collins,44.45,44.23,85.4,74.82,77.72
Daniel Ferrell,72.98,43.8,60.75,34.23,70.11
Mark Pearson,33.27,40.1,38.61,37.42,47.52
Jason Henderson,44.7,27.54,25.05,47.2,33.74
Brian Watson,57.44,96.67,42.14,41.71,34.3
Jeffery Davis,37.18,53.01,23.64,34.21,28.05
Andrew Thomas,31.75,34.85,47.92,57.75,90.33
Janice Jones,64.43,53.77,26.51,48.12,28.28
Amanda Parker,34.65,37.14,31.28,80.5,82.83
Yvonne Kane,86.61,84.87,93.22,28.44,30.95
Hector Moore,23.55,75.09,27.16,28.3,43.31
Roy Delacruz,76.96,80.42,75.6,44.52,30.07
Natalie Manning,20.0,42.2,44.12,20.86,52.48
Casey Figueroa,98.21,99.75,98.13,68.68,30.59
Stacey Smith,79.51,45.61,58.0,36.55,78.16
Douglas Curtis,43.82,33.99,26.74,92.64,84.81
Michael Wilson,76.0,99.06,80.04,87.0,63.32
Daniel Pittman,33.74,56.96,35.34,25.19,20.1
Brandi Gonzales,24.61,35.61,63.57,31.46,37.29
Alfred Blackwell,99.75,78.89,81.25,21.54,28.98
April Miller,67.78,96.75,71.22,30.89,27.17
Pamela Gross,84.1,97.46,28.1,40.83,87.17
Katherine Myers,81.7,34.52,29.42,57.6,20.58
Hailey Shaw,52.45,68.34,40.4,54.44,28.55
Carla Kidd,56.94,92.85,80.15,99.74,98.42
Johnny Jackson,37.7,91.99,53.93,36.31,52.18
Donald Elliott,57.31,94.19,92.4,50.47,67.77
Bonnie Wolf,82.48,28.47,60.76,68.25,28.82
Steven Freeman,54.11,93.45,59.84,76.62,82.19
Vicki Bridges,30.81,89.09,25.08,51.6,69.35
Heather Haynes,88.41,90.84,59.52,39.09,21.71
Stephanie Munoz,42.37,48.24,72.0,78.46,23.37
Adrian Perkins,30.91,86.72,27.16,29.26,68.69
Cheryl Vaughn,95.32,65.39,46.31,99.82,36.73
Patricia Powell,70.88,35.17,65.29,91.12,32.44
Calvin Williams,42.72,94.37,37.57,68.64,65.42
Sarah Brown,84.24,25.73,48.06,39.46,39.15
Omar Barnes,23.08,22.09,82.28,27.32,62.27
Carla Kelly,39.28,25.66,57.64,36.85,45.55
Darlene Flynn,52.39,72.96,52.11,49.35,20.06
Todd Brown,36.08,75.55,84.86,57.28,20.4
Thomas Clark,83.29,37.29,45.21,30.69,67.63
Brian Tran,32.84,69.46,30.75,45.98,40.36
Cody Solis,99.43,39.09,65.73,38.72,87.57
Tammy Lam,75.17,26.8,27.18,78.75,88.5
Joy Garrett,41.79,58.1,42.93,80.21,21.55
Wendy Barton,87.19,68.5,87.8,60.57,63.37
Dennis Bailey,58.14,20.88,69.81,31.09,47.04
Collin Garcia,76.61,48.19,89.06,64.6,37.27
Jeremy Fuentes,20.29,39.13,70.78,33.19,31.68
Christina Rodriguez,74.14,77.88,70.54,65.12,47.38
Vincent Smith,38.66,38.75,31.2,36.7,37.77
Edgar Winters,81.29,70.09,80.83,87.6,29.42
Michael Sellers,53.82,52.88,94.58,28.84,38.6
Matthew Marquez,42.47,99.77,57.03,91.16,28.99
Regina Hughes,20.88,50.47,38.28,77.76,55.18
Amanda Campbell,45.51,69.42,76.2,97.98,67.42
Zachary Bullock,26.42,68.21,45.73,83.58,38.34
Gregory Cooper,36.54,40.6,20.86,36.59,52.99
Shannon Smith,27.73,33.0,90.32,22.93,56.93
Nicholas Hull,27.08,54.69,66.24,38.84,73.48
Phillip Bennett,33.88,26.07,33.25,23.21,31.89
Charles Chapman,42.12,47.99,87.24,77.03,39.93
Scott Ross,31.86,97.21,21.39,21.74,90.33
Dennis Salas,49.69,33.45,69.14,59.22,46.81
Jennifer Smith,95.22,35.28,65.45,52.44,60.73
William Rhodes,45.27,60.25,51.36,89.91,29.3
Tiffany Garcia,27.56,27.21,82.38,31.94,37.6
Dylan Ward,98.12,71.1,87.7,73.94,24.66
Wesley Hayes,37.09,22.9,45.75,35.05,78.6
Jose Rice DVM,78.15,23.93,27.28,84.73,31.83
Gary Ross,38.7,91.46,28.29,23.42,35.21
Daniel Burns,25.54,95.53,39.58,40.91,30.15
Rita Clark,34.99,27.28,32.95,79.39,51.64
Amber Gardner,70.68,31.87,58.56,21.01,76.64
Robert Long,92.41,66.92,88.04,23.58,20.75
Amy Lynch,21.06,37.74,88.34,76.68,35.9
David Brown,33.25,34.81,40.68,59.88,63.12
Courtney Salazar,82.94,31.78,31.5,77.64,42.1
Dana Cook,21.74,48.16,23.54,78.22,46.56
Daniel Costa,48.39,58.36,75.61,73.6,31.15
Christina Gomez,73.54,35.45,96.06,36.64,58.13
Stacy Price,96.84,41.0,24.27,29.97,59.16
Charlotte Neal,89.01,70.07,27.38,93.4,96.46
Clinton Vasquez,42.72,27.69,39.6,70.14,65.3
Vincent White,54.95,77.07,78.14,85.92,80.1
Megan Huff,21.69,63.74,84.28,88.97,45.98
Suzanne Anthony,56.98,34.64,71.0,40.59,27.46
Nicole Johnson,21.55,64.71,42.31,33.52,76.03
Anthony Jennings,26.06,25.42,76.81,55.87,26.79
John Sampson,62.67,36.68,69.33,63.06,30.23
Shawn Hill,62.62,43.29,49.81,39.94,45.61
Laura Levine,77.69,96.09,85.47,40.5,45.02
Dorothy Barrett,68.07,89.91,34.18,34.89,37.19
Tina Hernandez,77.17,79.11,36.14,80.62,27.14
Kristie Gonzalez,64.49,37.88,74.29,66.45,39.34
Deborah Snyder,25.87,52.62,21.31,66.18,94.88
Brandon Potter,26.26,31.59,58.73,47.17,32.34
Nancy Saunders,96.95,50.51,63.48,29.11,99.85
Jerry Williams,29.86,74.84,43.96,60.44,53.69
Doris Miller,84.99,52.59,30.53,30.09,71.94
Patricia Patel,81.88,35.41,54.18,82.03,21.25
Kimberly Jones,47.36,25.42,20.27,86.62,32.39
Tracy Lewis,46.12,22.79,65.32,22.18,91.12
David Flynn,64.13,20.64,40.73,21.24,37.91
Brian Bowers,26.64,40.64,94.16,51.83,29.73
Ricardo Stafford,36.77,59.56,22.6,28.3,36.88
Christina Werner,50.87,89.06,37.24,23.89,65.37
James Montes,87.44,79.65,34.09,35.56,22.6
Kelly Robertson,84.57,94.13,34.27,24.81,39.95
Melinda Johnson,58.75,31.82,36.04,23.86,57.73
Amy Benson,96.62,63.71,41.95,25.76,57.2
Jason Crosby,29.97,29.12,74.91,51.62,56.18
Alyssa Cox,36.47,20.28,20.53,53.99,36.95
Heather Smith,98.4,45.59,34.2,36.87,79.87
Cheryl Fields,27.81,38.12,53.23,29.13,99.93
Scott Vazquez,50.79,33.99,29.77,33.72,28.54
Gordon Hicks,28.66,22.29,30.35,27.95,33.73
Tamara Valenzuela,87.33,24.82,57.38,27.61,93.73
Robert Houston Jr.,72.84,94.07,67.07,25.33,30.56
David Bass,39.87,67.74,81.68,48.52,31.62
Valerie Murray,47.09,38.89,63.59,61.48,57.23
Caroline Patel,84.75,96.04,37.16,39.18,26.72
Donna Myers,55.41,23.17,65.69,98.91,71.41
Kelly Thompson,29.6,91.97,57.26,36.63,84.31
Maria Dominguez,53.32,71.58,76.04,55.59,57.46
Richard Fitzpatrick,33.25,45.72,47.8,26.46,79.66
Robert Greene,82.14,39.11,39.85,49.57,66.24
Sylvia Jordan,72.67,33.6,62.59,62.45,73.59
Kelly Thompson,28.54,73.62,94.72,37.32,94.79
Christopher Williams,92.17,75.06,21.15,45.53,84.15
Matthew Cook,85.65,24.07,77.54,71.42,77.9
Ronald Dunn,30.25,69.4,34.54,81.63,27.65
Louis Ramirez,83.42,84.64,44.22,20.31,78.1
Charles Holt,22.17,30.66,46.75,20.01,31.41
Sandra Crawford,46.68,52.86,37.34,70.21,58.52
Stephanie Wise,27.12,63.19,51.93,71.54,49.11
Stacy Simmons,79.2,30.43,36.84,20.45,34.85
Andrea Atkins,60.95,88.36,44.83,65.24,24.26
Cody Castro,26.83,21.61,36.77,32.14,46.88
Olivia Ray,34.06,55.86,83.93,34.36,39.28
Colleen Edwards,29.38,43.8,30.98,39.44,31.54
Mary Johnson MD,57.22,77.64,80.24,61.42,25.81
Joshua Craig,26.65,35.19,23.15,92.56,67.2
Jared Conley,48.63,93.54,25.2,25.47,71.28
Larry Schultz,70.1,98.76,21.36,44.15,65.03
Stefanie Lyons,52.31,52.06,50.1,71.88,23.81
Drew Frazier,34.38,94.04,60.27,21.43,21.54
Stacey Baker,78.92,89.99,39.98,70.22,60.67
Danny Robertson,30.26,50.79,44.53,34.53,34.55
Rachel Richard,30.06,90.62,35.61,65.61,29.93
Amanda Bishop,21.64,21.18,87.47,36.26,39.35
Erica Kennedy,63.94,52.17,47.57,38.72,77.29
Sandy Branch,31.8,47.24,92.03,62.96,30.93
John Wells,62.22,73.52,36.24,82.76,30.73
Bailey Phillips,31.7,83.27,73.14,99.3,33.74
Jasmin Page,38.84,69.65,20.78,34.67,95.29
Laura Gilbert,31.61,23.71,57.09,22.06,29.14
Pam Cooper,24.26,36.02,23.02,29.3,27.69
Alex Sims,70.56,71.03,74.73,40.35,86.38
Tamara Shannon,68.54,62.65,72.11,80.67,65.51
Michael Caldwell,36.08,43.8,43.09,93.06,48.85
Rhonda Bass,49.87,26.37,27.72,43.81,36.53
Rachel Cain,29.4,55.06,26.9,41.38,31.28
William Harvey,75.83,28.78,56.53,54.48,74.41
Angela Valencia,43.51,24.13,65.83,33.62,72.16
Dylan Caldwell,68.46,43.31,30.95,79.33,62.69
Matthew Lee,26.3,91.61,61.82,31.13,86.99
Alexandra Freeman,33.98,58.72,76.73,51.71,79.26
Ronald Ryan,65.35,92.5,32.44,41.16,64.09
Randy Armstrong,87.36,32.42,84.06,59.4,63.7
Benjamin Brown,23.09,73.36,87.45,64.86,23.62
Ashley Douglas,36.98,38.93,47.02,73.87,39.29
Jennifer Hill,90.24,68.38,79.26,20.43,80.46
Richard Singleton,87.87,30.28,86.28,34.18,37.83
Frank Baker,20.24,51.2,77.97,32.93,32.38
Jesus Hernandez,36.96,23.63,86.51,92.78,78.63
Curtis Bennett,26.65,79.07,89.9,79.15,26.21
Jose Chen MD,46.84,60.69,80.08,67.02,54.77
Dakota Schmitt,61.8,21.2,26.52,22.96,43.71
Haley King,89.2,70.77,26.48,98.57,29.5
Sharon Rice,84.02,99.78,82.16,95.13,68.04
Donald Wilkins,74.67,34.99,81.27,22.61,36.86
Robert Rice,77.82,37.97,43.03,90.16,72.13
Mr. Paul Morgan,32.76,68.74,22.86,80.64,32.14
Miguel Peterson,39.91,88.1,77.12,84.77,71.62
Anne Thornton,23.58,51.42,43.24,70.35,37.22
Megan Smith,72.78,91.03,39.64,43.91,76.33
Jonathan Taylor,23.06,22.76,74.89,24.74,82.65
Amanda Rollins,53.38,87.13,83.04,60.31,35.11
Darlene Medina,92.47,68.03,38.83,21.42,38.77
Bob Gamble,95.76,44.15,77.8,88.24,34.78
Christopher Johnson,33.06,39.3,39.66,30.0,63.99
Christopher Butler,31.88,37.18,37.53,22.56,83.45
Beverly Parker,28.14,62.92,82.7,27.99,29.08
Patrick Torres,39.53,41.74,72.25,36.56,32.86
Michael Patel,81.02,87.53,90.4,38.36,57.72
Laurie Butler,30.88,29.07,47.61,86.67,26.4
Shelby Buck,30.43,20.4,85.6,36.1,82.84
Jeff Smith,21.29,79.44,92.63,27.03,51.45
Lee Chavez,93.93,72.64,53.98,62.07,32.17
Shannon Jackson,39.48,92.81,48.41,24.69,65.18
Lauren Bender,98.38,79.11,21.28,22.11,22.11
Derek Fernandez,53.51,22.8,81.41,42.92,29.28
Robert Farrell,76.02,99.74,76.03,49.0,64.87
Diana Jackson,38.43,20.28,73.68,97.65,32.08
Christine Hunt,73.47,55.52,28.23,99.84,52.89
Scott Garcia,92.63,20.85,75.68,42.36,82.36
Christopher Horton,85.55,58.87,74.36,75.93,91.27
Jean Brown,79.02,32.94,41.89,38.8,22.87
Jonathan Allen,66.73,20.26,27.31,48.79,65.38
Elizabeth Johnston,27.5,90.73,96.78,89.84,73.2
Susan Walker,45.83,31.32,87.46,67.79,99.88
Keith Fleming,43.27,39.78,43.51,85.96,92.04
Joshua Watts,35.77,89.48,82.24,26.92,35.77
Catherine Taylor,74.84,75.69,20.57,96.01,93.19
Diana Walker,24.76,99.9,50.67,23.89,20.69
Ruben Smith,44.84,46.87,82.01,53.75,88.55
Samantha Sellers,25.49,76.8,87.26,49.52,42.6
Mr. Jason Mullen,89.28,28.98,27.81,61.79,21.96
Melissa Hall,27.28,56.75,61.65,85.46,24.34
Richard Fischer,38.62,78.72,35.83,60.38,75.99
Matthew Cox,68.89,41.11,40.26,60.04,71.55
Melissa King,61.54,52.27,29.06,58.95,30.87
Hannah Simpson,29.06,57.78,64.08,55.21,65.12
April Fisher,76.69,33.16,25.71,38.25,27.95
Shannon Reese,69.85,51.69,60.74,30.55,90.97
Theresa Swanson,94.25,68.86,28.19,42.74,47.89
Susan Terry,78.1,24.33,44.01,75.19,67.04
Jacob White,42.18,36.07,52.02,34.13,41.15
Justin Gonzalez,91.61,62.2,63.71,30.15,35.98
Nicholas Brown,41.36,25.14,87.37,59.1,57.99
Christopher Parsons,87.37,28.14,23.38,70.5,27.19
Stephanie Thomas,29.55,55.4,98.02,27.44,29.81
Anna Hernandez,49.3,98.05,28.84,66.47,64.4
Maria Benton,47.07,28.83,48.03,36.99,93.69
Robert Davis,55.45,85.78,97.39,91.89,82.23
Shannon Pierce,29.11,41.36,75.52,92.08,33.02
Robin Jones,90.17,30.17,82.42,38.49,41.58
Stephen Newman,21.65,20.35,22.24,39.19,54.43
Brandi Williams,86.03,33.66,94.64,22.41,74.04
Latoya Blevins,54.77,23.38,73.75,60.17,86.97
Matthew Valencia,87.43,74.34,99.05,61.77,49.02
Lisa Cox,20.39,61.89,21.71,65.71,64.25
Timothy Mendez,82.5,25.89,27.59,47.43,28.99
Katelyn Allen,85.62,71.36,94.62,64.97,34.78
Ricardo Johnson,23.95,35.13,25.38,36.13,52.21
Rodney Aguirre,87.49,23.89,76.43,79.55,20.32
Pamela Lowe,66.41,40.68,96.04,95.24,25.74
Bob Hayes,56.57,61.01,59.4,26.37,23.28
Nicholas Perez,29.1,50.47,89.02,27.27,21.35
Olivia Dunn,39.81,59.62,46.78,89.26,34.17
Caroline Edwards,30.2,88.41,47.56,89.98,96.29
Ann White,61.73,25.04,89.74,84.43,44.56
Allison Wall,34.31,20.7,60.15,27.55,43.43
Jeffrey Phillips,71.17,38.67,72.98,62.76,38.6
Joan Smith,43.42,73.02,34.69,23.1,85.61
Johnathan Gomez,38.16,32.97,22.67,22.66,35.94
David Castillo,89.6,31.27,98.36,85.86,67.5
Kirk Barnes,63.79,55.93,60.19,37.17,68.21
Jill Fuller,37.85,25.1,26.73,53.0,83.8
Stephanie Quinn,42.46,75.97,98.04,96.45,87.47
Ronnie Rivas,24.29,55.87,40.25,21.44,27.52
Alexis Taylor,73.59,43.84,30.64,33.0,34.26
Dr. Nancy Richardson,72.21,33.56,95.17,87.63,64.48
Melanie Dean,86.42,83.36,51.8,27.57,27.62
Patrick West,31.52,35.49,27.6,37.63,87.23
Linda Rivers,62.2,72.79,68.94,21.81,58.22
Ryan Browning,28.24,21.02,24.83,99.99,86.07
Todd Wallace,29.91,24.86,64.96,51.64,63.42
Kristen Pitts,77.19,31.56,94.78,27.37,91.39
Gerald Smith,22.68,78.48,61.65,36.34,38.9
Michelle Prince,60.84,36.59,57.31,32.5,74.4
Megan Reyes,25.6,75.67,48.01,71.81,72.34
Joseph Bradshaw,28.67,99.57,51.33,33.97,52.23
Morgan Miller,35.52,28.02,48.68,49.3,49.57
Kathleen Gibson,73.21,94.92,82.68,34.61,43.28
Jason Jones,80.04,33.99,96.66,58.53,22.78
David Chase,22.73,85.55,45.0,33.26,38.69
Charles Lyons,27.9,40.87,57.24,57.8,70.02
Tracy Farley,88.45,49.66,81.65,26.79,31.83
Claudia Munoz,26.1,96.96,97.22,67.76,87.77
Taylor Parker,53.71,22.86,62.64,44.31,98.67
Joshua Howell,35.99,69.51,43.07,34.69,37.33
Joseph Maxwell,28.83,71.99,73.41,39.79,66.58
Tina Smith,23.56,53.81,29.22,77.11,74.29
Heather Meyer,87.26,85.77,97.86,64.75,71.71
Dr. Stephanie Flynn DDS,39.83,68.74,72.03,64.22,32.34
Becky Hines,27.24,61.05,21.58,88.18,81.28
Jessica Buck,61.41,57.08,65.39,37.78,75.95
John Schultz,20.39,28.9,85.54,46.24,54.52
Samantha Huber,82.9,30.39,96.28,23.49,60.44
Jacqueline Brown,40.81,36.89,40.34,84.56,37.27
Nicholas Andrews,87.36,20.78,53.12,58.37,21.25
Jeffery Navarro,60.5,42.17,29.38,79.99,61.05
Jose Rowland,28.2,27.26,53.27,28.59,60.06
Emily Foster,92.87,92.28,92.82,76.35,92.44
Gail Reid,24.24,23.06,84.06,38.4,92.2
Nicole Castro,66.21,87.6,54.12,33.32,48.25
Jennifer Stone,43.93,33.43,96.61,57.13,33.8
Kayla Lopez,21.7,22.73,52.04,54.34,37.92
Danielle Lopez,25.25,67.89,39.3,72.48,22.61
Paul Mathews,32.34,37.92,99.5,76.63,33.66
Kristy Wong,34.17,32.09,62.91,68.31,92.06
Steven Wise,70.3,54.21,39.82,55.99,90.21
Andrea Hayes,61.42,47.71,28.66,22.03,84.31
Daniel Johnson,38.82,75.03,55.53,34.71,62.03
John Goodman,24.73,82.55,29.3,43.88,33.78
Wendy Ramirez,90.54,78.83,38.1,24.9,30.53
Ryan Dixon,58.46,71.13,37.39,99.31,86.93
Kevin Davis,87.78,53.87,93.56,69.8,90.99
Krystal Hopkins,46.03,21.25,31.76,20.27,25.34
John Walters,51.13,62.05,79.44,38.86,38.7
Michael Ferguson,64.88,91.09,29.54,90.55,24.1
James Orozco,52.47,95.48,78.54,21.26,91.56
Dr. Nicholas Nunez,98.92,63.3,25.98,93.36,38.77
Mr. Justin Garcia MD,96.23,45.99,72.91,44.82,23.28
Gregory Johnson,29.48,24.14,95.56,28.2,96.29
Timothy Harmon,25.37,26.79,30.06,79.35,33.5
Larry Melton,72.52,29.65,41.44,22.12,51.61
Jerome Davis,60.75,87.02,29.72,90.93,23.33
Brianna Sanchez,34.26,73.58,28.91,98.62,41.21
Renee Roy,33.62,45.29,98.4,61.61,89.02
Brandon Lawrence,31.88,28.39,21.21,63.57,90.69
Jason Hanna,37.02,36.04,94.68,80.6,82.11
Daniel Cook,62.59,21.87,28.36,36.3,22.58
Kathleen Taylor,36.4,21.4,36.05,49.43,31.92
Theresa Klein,31.16,67.05,52.31,86.24,90.51
Michael Smith,29.31,64.38,67.88,48.66,85.39
Corey Walker,37.69,57.36,41.4,46.5,60.35
Jessica Lewis DVM,28.67,20.78,93.44,72.18,75.34
Michaela Morris,55.7,81.7,24.65,66.32,85.1
Cheryl Norton,37.91,72.65,33.34,31.32,56.53
Drew Moss MD,28.78,39.3,94.98,87.78,35.51
Melanie Hamilton,89.08,57.62,91.11,88.28,38.99
Jeffery Brock,92.88,29.43,33.57,80.66,34.0
Michael Hernandez,73.91,34.17,68.31,93.87,48.49
Jon Berger,95.04,37.32,34.79,76.05,38.07
Sean Graham,56.83,32.76,77.32,87.21,74.79
Matthew Walters,62.04,43.6,39.52,22.97,83.56
Brian Butler,24.27,70.52,28.93,79.98,96.58
John Kennedy,81.63,95.42,75.86,30.08,41.42
Justin Murphy,36.97,80.78,57.13,68.8,40.4
Devon Andrade,66.06,34.85,24.16,86.34,62.54
Henry Baker,36.92,69.51,98.35,21.41,87.03
Evan Mcintosh Jr.,52.92,28.03,57.83,98.63,30.41
Lauren Franco,78.98,78.98,89.06,41.24,42.36
Brian Boyer,77.2,23.54,82.86,26.94,69.55
Catherine Daniels,26.82,67.74,69.1,21.83,93.21
Matthew Schultz,65.03,69.33,35.25,42.83,29.19
Kristin Allen,24.9,75.27,79.09,48.48,72.74
Maureen Shaw,30.53,84.69,69.19,70.02,26.15
Elizabeth Mcintyre,99.89,23.31,47.97,39.54,32.65
Danielle Charles,32.95,35.61,32.13,52.79,46.9
Jessica Morgan,33.56,66.18,65.06,20.07,89.32
Molly Gardner,95.79,87.68,47.61,26.44,89.65
Miranda Rangel,78.03,27.12,60.67,45.91,83.15
Nicholas Weeks,90.51,39.91,37.87,24.87,80.02
Michael Torres,81.8,71.53,34.22,94.96,81.08
Michelle Scott,71.22,52.29,33.85,95.88,96.63
Ian Jenkins,29.28,34.34,91.07,36.15,39.22
Kathleen Phillips,63.45,80.16,77.88,59.72,44.84
Dustin Ferguson,68.44,20.18,20.31,63.9,69.36
Laura Wilson,32.76,61.81,76.38,36.33,96.08
Kevin Barrett,42.94,28.72,61.72,96.31,32.08
Christina Sanchez,25.92,26.87,38.19,64.2,73.38
Nicole Smith,24.11,43.09,39.57,32.58,36.02
Todd Foley,21.52,67.71,42.86,31.33,53.01
Donna Medina,31.07,60.69,20.86,56.69,32.04
Jacob Perez,49.29,28.56,61.43,35.43,46.89
Whitney Cox,97.77,21.54,64.3,81.0,75.73
Alexander Spears,62.79,69.23,25.72,29.78,65.04
Jennifer Ramos,48.94,57.71,85.17,22.45,20.93
Lori James,62.75,86.96,36.25,99.62,20.53
Amy Barrett,27.82,95.18,48.46,88.76,88.04
Katelyn Hart,65.65,46.05,59.48,48.12,37.57
Jennifer Burch,95.61,37.67,99.57,58.31,98.72
Laurie Stokes,36.36,79.47,21.16,96.83,89.78
Gary Thompson,48.61,53.23,32.25,42.98,66.25
Jackie Taylor,80.82,28.24,63.27,37.25,44.91
Mr. David Bennett PhD,21.59,54.76,55.94,27.56,32.62
Desiree Graham,24.8,21.19,31.16,69.64,20.64
John Knight,24.84,72.67,36.56,36.86,93.72
Erika Strong,31.71,90.5,30.01,28.34,85.74
Morgan Page,97.23,93.66,20.83,23.65,93.36
Norman Reyes,71.62,41.89,85.26,30.54,32.42
Justin Delgado,80.57,30.45,26.87,34.35,91.32
Eduardo Smith,75.31,32.62,39.72,74.39,84.94
Jennifer Lawrence,53.87,40.04,69.26,87.32,65.74
Megan Hobbs,47.75,42.91,39.0,38.08,95.44
Megan Clark,54.41,38.47,91.02,70.23,30.07
Abigail Davis,29.84,29.52,24.5,44.53,47.58
Donna Williams,31.84,87.09,20.36,52.57,92.37
John Miller,85.94,37.77,37.13,60.94,93.8
Madison Bright,25.91,35.63,20.39,31.29,26.79
Mark Drake,70.62,80.8,57.84,85.36,78.7
Debra Castillo DDS,23.61,34.95,42.23,93.38,23.37
Raymond Rice,23.2,72.62,39.02,41.68,34.36
Thomas Christensen,29.93,34.16,55.91,40.17,20.59
Miss Kristin Watkins,37.7,88.66,93.83,35.92,33.52
Kevin Kelley,37.98,35.12,85.83,70.38,32.63
Elizabeth Torres,25.0,59.15,46.03,31.5,70.7
Stanley Dixon,27.91,85.94,44.98,59.04,92.97
Timothy James,24.08,87.23,32.03,76.05,37.7
Megan Jones,48.36,42.04,86.47,67.14,32.63
Russell Parker,83.91,40.62,60.64,49.99,73.28
David Ruiz,78.73,32.02,22.54,26.38,22.5
Donald Stewart,28.21,60.07,34.69,54.64,33.97
Tracy Smith,25.66,29.82,28.22,87.39,25.29
Megan Gates,57.52,96.49,76.48,34.16,76.83
Jacqueline Garza,95.08,25.02,21.75,37.34,28.94
Julie Long,24.69,96.87,60.4,96.62,79.63
Rebecca Warren,55.63,57.94,32.07,38.6,39.12
David Cummings,94.23,35.0,69.85,40.62,54.59
Mr. Nathan Henderson,20.16,24.24,49.47,33.13,52.62
Sally Lee,25.3,62.49,68.71,22.9,64.24
Bridget Green,96.52,95.69,51.16,80.93,72.36
Michael Quinn,39.9,69.41,72.39,84.68,56.08
Sarah Reed,89.18,63.85,78.69,63.04,73.53
Brian Valdez,25.37,29.99,43.33,99.3,67.29
Joseph Rodriguez,66.11,70.23,20.48,61.58,97.0
Noah Cain,94.36,85.28,36.48,25.2,77.62
Daniel Armstrong,20.04,85.32,81.34,57.82,25.55
Alisha Richardson,37.72,77.52,39.93,61.86,82.76
Destiny Miller,32.62,36.91,38.42,22.19,47.88
Scott Pham,93.52,39.37,44.6,47.14,72.86
Ashley Wade,25.53,35.17,89.38,54.83,23.49
Jocelyn Reyes,40.02,21.89,28.67,49.22,31.68
Elizabeth Carlson,64.06,68.2,73.74,64.16,52.41
Heather Morris,70.57,90.15,32.49,50.29,69.3
Pamela Davis,36.54,70.93,57.94,96.32,97.03
Zachary Bishop,64.39,97.72,92.8,49.35,41.42
Keith Williams,38.17,32.25,79.42,23.67,26.3
Dr. Tara Bartlett,36.67,31.83,27.39,28.3,54.7
Sharon Key,36.52,75.59,21.31,38.47,30.32
Benjamin Mann,31.23,66.49,65.28,31.71,64.51
Kayla Newton,36.67,30.34,59.75,28.55,32.12
Shawn Hampton,80.86,59.57,77.55,41.52,77.57
Diane Mills,39.4,22.86,66.2,24.06,82.06
Steven Lewis,49.27,39.6,51.23,35.89,80.68
Sarah Brown,30.77,25.64,88.08,65.07,91.49
Jeremy Valenzuela,98.18,73.75,82.72,34.56,92.91
Lindsey Black,34.55,35.32,78.91,81.87,70.68
Carolyn Coleman,78.31,67.19,74.88,41.98,97.67
Donald Mcgrath,23.91,60.63,93.24,36.47,27.48
Ms. Jacqueline Huffman,40.7,25.02,80.4,89.19,25.66
Pamela Lucero,37.0,63.96,33.4,32.78,33.4
Alec Andersen,47.45,81.35,57.42,20.55,42.66
Michael Rogers,89.64,63.61,41.43,36.35,34.42
Andrew Peters,74.48,47.11,59.31,27.56,65.01
Bradley Vance,90.0,34.96,28.08,81.07,38.76
James Lee,56.23,37.58,71.56,34.15,52.32
David Hess,27.07,53.79,45.1,95.79,31.6
Amy Bell,25.23,28.82,93.49,91.57,64.96
Joshua Arias,25.09,23.87,86.08,43.21,39.29
Danielle Clay,87.81,92.56,64.07,28.5,73.28
Tasha Little,65.02,37.17,65.25,38.97,53.26
Lisa Miller,33.76,87.2,32.17,49.68,79.78
Edward Jones,40.65,31.78,53.44,57.02,24.04
Joshua Hall,74.16,29.23,25.68,40.29,94.27
Sandra Johnson,38.76,21.84,99.42,91.51,36.68
Karen Chambers,22.0,74.44,68.14,98.82,72.32
Patricia Wright,30.38,42.43,40.33,26.03,45.8
Albert Merritt,75.87,23.89,31.98,24.24,99.76
Randall Walker,69.12,28.0,92.73,29.57,68.25
Jessica Lopez,68.44,22.1,29.9,66.94,70.8
Emily Munoz,83.38,72.69,97.59,32.76,29.06
Kelly Allen,96.5,90.39,50.29,89.06,60.39
Mary Price,89.04,50.7,54.61,38.4,23.49
Eric Cole,25.42,41.04,61.37,91.73,34.88
Kaitlyn Yang,30.81,28.33,33.04,46.95,40.5
Aaron Brown,80.94,86.03,61.74,84.98,26.89
Elizabeth Martinez,30.62,98.54,37.07,63.65,40.34
Jessica Douglas,22.24,58.97,66.75,65.99,58.01
Elizabeth Young,47.03,33.77,29.66,59.37,96.49
Jessica Flores,55.13,40.84,33.32,89.99,26.01
Meagan Bowman,30.4,29.04,35.47,34.27,88.03
Kimberly Combs MD,56.07,73.24,93.11,22.57,74.83
Troy Hicks,60.95,75.61,54.28,24.02,84.35
Luis Stanley,20.06,39.7,99.07,38.36,51.02
Ashley Webb,24.21,35.89,36.82,23.55,78.95
Kevin Townsend,87.38,76.35,25.21,28.88,82.32
Karen Hughes,40.94,97.49,83.05,23.51,94.27
Kathleen Clayton,34.98,59.6,94.56,25.64,84.65
Cody Zimmerman,68.82,56.2,24.02,53.83,22.93
Hunter Wilson,52.84,38.35,38.48,94.97,47.68
Antonio Cook,64.15,29.39,23.77,54.0,46.47
Kimberly Williams,36.77,56.79,83.83,29.26,20.86
Jacob Martinez,31.21,26.57,48.1,25.93,27.72
Jeffrey Best,35.79,60.92,92.66,95.31,39.75
Hannah Davila,46.8,20.29,99.09,64.11,72.32
Jason Lozano,56.05,31.84,24.41,75.65,23.16
Julie Phillips,30.3,68.75,55.27,76.8,54.91
Amber Watson,60.93,31.1,86.25,95.76,20.43
Anthony Lowery,80.89,43.12,87.9,46.03,90.75
Lauren Moore,80.17,38.92,20.92,76.41,32.17
Melissa Cooper,64.3,23.77,72.62,82.34,52.97
Rodney Wolf,22.57,79.65,55.47,42.3,47.43
Jose Kirby,91.03,91.23,69.67,41.28,38.88
Elaine Thomas,96.36,90.83,26.28,49.81,23.36
Robert Cohen,83.27,72.29,37.14,89.92,44.91
Sophia Barnes,43.36,37.47,35.15,37.46,72.31
Jonathan Martinez,50.94,84.82,22.15,21.16,26.68
Jennifer Richardson,97.53,45.78,30.93,31.96,93.62
Jennifer Dawson,34.01,32.0,77.62,84.36,31.33
Michael Ford,30.12,67.06,67.08,34.77,25.15
William Macias,90.69,29.68,32.86,96.57,34.24
Andrew Bishop,55.87,90.26,97.83,57.5,80.36
Connie Cohen,71.81,45.93,43.32,21.87,38.83
Thomas Green,69.86,35.38,29.63,52.24,66.5
Tim Hanson,26.12,57.82,87.35,24.17,70.46
Amanda Paul,32.06,56.17,43.2,79.52,25.81
Mckenzie Robinson,67.34,26.63,98.96,62.81,46.7
Lisa Pearson,93.84,30.74,23.97,25.09,92.13
Mark Hays,42.16,27.15,35.81,43.08,54.11
Paul Marquez,85.76,26.09,54.84,25.73,40.41
Johnathan Ayala,91.42,74.08,59.3,34.71,36.23
Deborah Morales,84.03,98.2,87.79,57.75,33.82
James Riley,73.43,38.02,39.86,92.01,42.12
Stephanie Ruiz,55.82,26.86,28.01,65.55,84.67
Daniel Gonzales,62.53,70.52,93.88,67.01,25.55
Rachel Jones,24.28,62.2,33.38,99.25,30.23
Shelly Ingram,72.9,66.29,44.82,44.94,29.7
Shannon Lin,25.44,32.73,34.05,86.61,99.58
Joseph Sanchez,61.73,23.23,37.8,45.19,92.22
Catherine Faulkner,24.32,21.4,89.85,41.95,37.14
Sheryl Wilson,21.95,27.02,53.18,51.59,30.3
Brandy Hendricks,33.09,22.05,98.97,40.1,25.58
Susan Turner,74.84,26.06,74.3,84.83,39.18
Pamela Reed,72.65,59.07,31.13,56.76,39.04
Hannah Johnson,26.9,68.72,39.23,26.39,24.57
Christian Washington,30.63,33.14,65.85,23.74,90.88
Brandon Wilkerson,29.28,53.77,96.56,68.12,65.31
Daniel Larson,36.8,33.09,50.13,90.37,83.06
Joyce Jacobs,96.97,97.77,30.93,20.97,70.37
Douglas Lee,86.25,22.96,57.05,42.78,53.98
Patrick Oneal,69.43,31.9,75.02,23.14,27.87
Alicia Gonzalez,84.67,40.74,78.08,25.69,55.29
Kim Moore,22.74,86.82,45.63,89.67,61.66
Luke Weber,95.51,60.15,63.69,35.61,82.44
Jeffrey Gilbert,28.11,37.6,49.05,79.26,43.43
Cathy Cruz,26.74,56.52,41.78,97.28,41.21
Kevin Crawford,38.62,96.14,20.19,71.3,48.76
Wendy Taylor,30.74,98.66,26.24,85.32,79.08
Cody Peck,25.95,72.88,67.31,71.5,27.07
Derek Hill,79.89,38.97,83.63,97.3,39.9
Stephen Kirby,94.82,79.06,33.28,92.93,57.88
David Simpson,23.98,77.95,37.24,74.64,31.55
Stephen Hill,93.35,80.1,46.48,37.78,78.26
Daniel Murphy,43.0,55.51,82.02,64.25,91.39
Jennifer Nelson,53.35,29.33,27.33,60.81,37.77
William Gray,70.56,68.41,28.65,36.58,85.08
Bethany Griffin,27.23,64.8,99.53,49.34,68.17
Sandra Bates,50.45,43.92,33.42,71.16,50.55
Michael Hines,39.76,94.82,25.55,43.44,82.01
Luis Hill,39.03,24.77,86.38,72.57,42.89
Amanda Green,53.45,36.57,39.24,66.98,41.1
Angel Bright,83.02,94.78,58.78,60.35,83.3
Kimberly Dixon,37.66,39.6,39.94,34.54,26.43
Heather Douglas,97.21,86.48,44.91,51.52,45.73
Jonathan Clayton,91.33,20.63,20.17,29.56,33.13
Rhonda Copeland,59.17,26.75,62.64,82.07,57.31
Sean Mcbride,38.54,82.35,79.66,50.44,27.27
Pamela Nelson,40.34,50.29,27.64,37.11,49.61
Daryl Smith,57.56,86.51,47.82,38.75,95.44
John Bridges,78.96,21.25,30.54,26.31,96.06
Samantha Harrington,36.98,32.45,21.85,31.91,68.91
Stacey Brown,96.36,78.46,55.55,38.73,91.74
Casey Patterson,79.54,71.95,30.6,63.76,44.52
Tina Clark,32.8,97.35,97.43,53.95,31.4
John Gonzalez,25.22,71.67,56.92,37.0,92.69
Rebecca Ortiz,59.31,27.05,38.54,41.57,98.59
Michael Smith,24.9,48.73,32.73,42.67,33.29
Clinton Best,30.73,53.51,35.53,31.65,83.69
Debbie Lopez,89.11,75.93,83.19,86.67,30.72
Destiny Beck,32.42,40.79,20.38,26.17,21.14
Bob Reid,44.95,29.8,47.64,66.92,31.12
Dr. Scott Miller,46.99,37.71,46.28,39.45,64.07
Todd Johnson,94.11,37.28,27.21,40.28,33.94
Selena Williams,32.91,62.36,41.61,30.64,43.22
Dawn Munoz,31.41,82.0,67.46,52.2,98.78
Kelly Hughes,20.8,97.13,20.26,36.74,35.84
Maria Lee,24.24,36.36,67.23,40.54,38.35
Elizabeth Evans,37.79,44.19,89.6,93.64,61.43
Albert Ramos,27.78,48.5,59.42,98.6,20.48
Kelly Rowland,94.21,28.28,26.45,26.26,34.82
Scott Brooks,63.92,75.98,45.86,88.31,25.18
Robert Brandt,29.9,56.89,49.85,21.74,49.61
Todd Stevenson,46.84,22.57,22.06,35.46,21.0
Elizabeth Jackson,87.01,34.39,66.92,23.73,34.39
Robert Avila,34.79,49.22,61.01,24.92,22.98
Kari Silva,33.22,75.64,57.11,47.35,48.24
Tammy Escobar,82.22,23.05,95.39,73.55,54.23
Jeffery Mcdaniel,33.8,25.57,84.52,96.28,87.19
Darrell Martinez,32.79,24.29,20.83,55.2,50.72
Wesley Howell,32.48,20.53,24.63,48.61,27.28
Jenna Simmons,55.54,34.07,68.59,61.88,22.38
Daniel Perez,28.41,59.56,37.81,88.12,25.05
Lisa Baker,74.58,77.83,81.8,21.02,81.72
Sarah Graves,70.66,93.76,80.12,35.05,35.08
Erin Miller,21.18,51.63,21.52,92.15,87.38
Amber Porter,28.34,21.77,53.22,92.44,85.09
Elizabeth Griffin,86.39,38.2,44.47,67.23,61.78
Shane Baker,75.34,30.86,88.63,47.97,24.57
Leslie Pittman,32.97,49.24,22.78,77.21,40.53
Shannon Thomas,75.97,97.71,35.53,30.96,53.27
Victoria Cunningham,52.98,69.02,38.75,72.55,58.13
Daniel Davis,37.97,20.76,71.28,38.92,61.79
Ivan Holmes,20.15,20.23,49.01,75.16,87.09
James Peck,51.96,73.25,81.53,85.48,34.46
Adam Lee,49.1,74.84,76.57,24.29,35.94
Dawn Bartlett,64.63,48.38,90.26,77.37,34.02
John Palmer,83.22,21.57,33.54,28.01,89.17
Joshua Flores,89.92,71.79,36.26,57.71,64.55
Kelsey Elliott,67.76,23.18,54.42,35.42,68.56
Mrs. Linda Smith,90.61,92.78,28.94,50.23,70.84
Kevin Oconnor,50.71,90.22,29.99,40.45,25.37
Frederick Morris,36.48,81.72,45.85,49.22,36.31
Zachary Carr,68.5,23.78,35.2,49.22,29.41
Tiffany Crane,70.45,42.21,79.48,32.57,23.92
Jordan Marks,88.94,92.84,80.46,38.34,93.49
Taylor Clayton,21.08,44.34,94.46,70.1,47.89
Cassandra Odom,23.06,62.93,30.17,36.57,50.88
Michael Mccoy,22.21,69.47,70.69,76.25,21.42
Joseph Webster,29.27,35.11,38.49,38.99,39.6
Gabriel Taylor,83.63,34.3,20.42,48.94,24.21
Veronica Humphrey,84.06,32.16,25.3,21.43,37.77
James Rodriguez,92.75,30.74,34.69,89.72,69.77
Rachael Bridges,71.06,51.91,92.42,83.48,48.98
Phillip Harris,39.08,26.56,76.04,35.26,57.12
Brittany Hamilton,44.99,36.91,26.94,80.21,22.11
Jason Smith,66.36,39.31,46.58,56.37,20.39
Rachel Curtis,84.71,25.92,29.01,59.08,23.66
Elizabeth Garcia,29.88,47.65,98.89,34.81,80.49
Michelle Robertson,31.22,20.89,98.51,21.41,24.78
Amanda Dickerson,36.63,41.85,33.07,98.97,33.5
Jeremy Young,37.24,22.11,39.28,63.89,38.47
Michelle Howell,67.98,22.83,24.76,99.31,92.79
Nicole Martin,77.95,24.19,34.37,52.59,37.77
Jack Cuevas,34.14,30.16,84.02,94.72,32.82
Angela King,57.78,77.83,27.11,20.74,48.42
Barbara Weber,85.98,52.63,73.7,79.69,84.87
Amber Allen,30.34,83.93,41.38,20.26,80.43
Joshua Foster,35.48,53.31,86.95,53.5,23.66
Scott Lutz,78.66,96.48,47.55,29.85,29.82
John Wright,34.49,33.02,54.23,61.9,87.07
Ashley Simmons,46.65,46.17,94.03,63.81,27.96
Sandra Larsen,91.44,32.43,91.46,22.65,95.95
Richard Carrillo,29.9,58.81,43.09,66.12,97.85
Joshua Wright,89.77,92.41,78.19,51.85,33.08
Jacob Barron,98.1,22.22,37.82,22.87,40.8
Vanessa Morris,20.79,92.96,33.81,33.45,26.59
Scott Quinn,59.01,68.84,49.18,23.43,36.57
Alicia Medina,87.24,95.29,23.99,65.76,83.56
Michael Jensen,30.12,25.16,94.03,68.72,75.25
Brendan Rodriguez,49.09,20.4,27.89,91.11,43.16
Peter Smith,26.75,87.3,69.21,25.69,29.75
Shelia Nunez,57.19,32.93,29.67,83.78,26.52
Dawn Mann,96.9,59.38,79.64,56.78,53.75
Marcus Anderson,26.87,45.15,24.05,28.04,72.42
Shawn Roberts,31.47,87.62,20.53,32.53,29.78
Wanda Dawson,28.77,31.04,83.29,36.59,88.3
Jay Aguirre,41.23,72.08,82.85,82.54,24.24
Robert Hall,21.13,32.4,67.96,92.98,41.15
Nancy Williams,38.23,55.8,32.95,23.28,85.95
Joseph Johnson,85.69,22.79,67.18,20.43,26.66
Jessica Franklin,42.44,90.68,96.42,36.0,58.28
Daniel Gomez,61.05,25.72,49.74,48.99,33.14
Michael Soto,37.11,46.85,67.77,22.83,89.13
Rachel Johnson,75.44,28.36,34.22,83.15,93.98
Amy Smith,59.3,93.89,97.4,31.77,67.09
Angel Stokes,71.2,64.61,24.28,56.3,53.29
Francisco Sosa,90.42,20.33,67.97,68.88,46.47
Tracy Johnston,35.33,42.32,91.14,38.41,59.76
Michaela Long,53.83,51.38,42.34,95.52,34.84
Dominic Hill,83.49,95.54,52.77,88.32,72.19
Joshua Hardy,35.53,35.72,72.13,27.37,93.68
Matthew Ritter,23.86,32.73,60.7,27.13,83.14
Dr. Jessica Perez,75.51,22.54,85.2,40.78,83.65
Amber Brown,63.98,36.15,50.28,63.8,63.79
Kristina Lewis,64.87,22.7,62.61,28.16,76.09
George Taylor,77.43,20.97,51.36,38.5,29.95
Lawrence Mason,81.52,24.6,86.89,59.41,20.98
Mike Henry,30.51,29.35,27.88,24.48,61.92
Angela Estrada,87.69,49.63,98.61,84.86,45.94
Walter Nixon,22.46,30.83,80.01,56.33,28.1
Kristin Garrison,96.89,27.54,51.77,73.32,32.99
Robert Curry,93.53,38.08,60.06,21.15,36.46
Bonnie Ross,25.48,98.46,88.32,51.09,36.46
Michael Warren,31.02,28.73,51.54,85.19,35.96
Ariana Dunlap,32.84,20.98,83.41,61.55,68.09
Brian Terry,91.59,32.01,90.48,89.76,57.26
Linda Villegas,88.51,60.74,25.09,95.01,20.56
Cathy Thompson,76.09,92.76,53.83,28.35,21.16
Ashlee Esparza,98.27,25.46,37.17,91.07,58.08
Rebecca Morales,32.94,80.39,68.25,38.32,37.77
Nicole Sanders,27.69,47.62,32.81,59.95,39.96
Michelle Stewart,26.31,36.27,86.92,50.92,99.48
Raymond Chapman,36.41,41.32,55.84,69.26,97.69
Madeline Winters,41.83,99.8,77.65,36.27,30.09
Bradley Clarke,90.28,89.02,57.94,44.03,36.08
Frank Rivera,21.42,26.4,56.67,37.93,54.89
Bruce Parrish,94.9,23.35,43.72,90.65,23.27
Melanie Rodriguez,24.67,49.52,26.89,46.02,30.98
Tiffany Molina,61.31,38.14,20.4,20.3,53.49
Jacob Boyer,78.87,30.11,37.96,35.72,45.03
Elizabeth Weeks,69.9,29.03,29.65,68.15,37.76
Barbara Medina,43.0,29.85,29.35,62.57,66.89
Robert Fisher,98.9,48.68,49.24,70.76,84.73
Adam Allen,69.03,78.49,59.61,35.22,23.84
Jeremy Miller,39.07,61.77,31.61,33.26,52.79
Stephanie Fuentes,33.36,77.92,61.93,25.44,71.22
Joseph Parks,42.61,39.66,39.6,70.41,61.37
Christy Houston,80.13,76.71,34.56,44.45,50.44
Debra Bennett,59.29,34.06,92.56,33.35,71.09
Peter Hall,36.9,49.22,86.99,23.36,44.79
James Clayton,31.57,33.46,20.23,69.74,50.11
Jonathan Wade,33.8,25.36,91.71,28.07,84.46
Kayla Peters,36.57,35.71,35.6,44.68,62.21
Rhonda Stanley,97.34,24.4,28.12,20.56,81.34
Jeffery Flores,33.85,36.75,77.42,22.77,91.93
Jeffrey Haley,32.66,68.12,45.77,34.55,97.22
Diana Lopez,93.73,23.74,91.23,39.77,73.65
Molly Moore,60.46,92.38,26.65,82.21,82.4
Tyler Armstrong,54.91,34.4,21.05,39.68,20.47
Karen Weiss,74.7,69.96,36.17,75.84,79.13
